"IDm","IDw","FormTime","DisTime","AgeGap"
191,717,0.0306084738,0.0552751826,-39.4421974809
287,921,0.0636654906,0.0677476651,10.1632494612
355,720,0.0621324143,0.0856082670,21.5388114179
429,711,0.0280179653,0.1091903279,-0.8129359257
284,544,0.0472924372,0.1116711106,-4.7808535956
368,952,0.0962268891,0.1599249723,18.3097658334
309,770,0.0084006989,0.1645088513,26.2638308229
323,904,0.1198997517,0.1748572247,19.9105372556
488,960,0.0929370555,0.1988346842,22.4582977586
128,934,0.0801660901,0.2179601601,36.1936961922
373,919,0.1062202281,0.2263425643,-11.1092786665
243,765,0.1372106863,0.2363865007,23.4267188841
297,817,0.1225169170,0.2598824460,0.3054676896
59,792,0.2308035363,0.2777627630,3.0061304277
286,689,0.2322210433,0.2904805888,-42.7938577333
486,880,0.1487351341,0.3190180977,-17.9078415889
272,985,0.0986120202,0.3444647382,24.3151072431
449,604,0.2972349012,0.3477897463,-0.8015927317
89,811,0.2142910133,0.3704434227,-34.5066724088
19,588,0.2231512883,0.3758956213,-10.9615343733
498,877,0.1681963127,0.3925464492,-5.0635059054
52,544,0.2736407675,0.3958266554,-16.2533835194
90,770,0.0563137882,0.4070246132,54.9782986933
452,893,0.3683100651,0.4089299472,11.1698344742
411,649,0.2059300145,0.4165297947,-19.7370029280
374,576,0.1879129282,0.4309523196,-62.9906773995
341,730,0.3525277147,0.4424252968,10.3730256682
84,921,0.2608687053,0.4492452315,18.6295357445
487,520,0.3649104058,0.4512812781,-19.7652107522
156,972,0.4545214946,0.4588051555,3.2268425537
189,765,0.4391521995,0.4670206219,-9.1087390179
210,952,0.1381534228,0.4767954160,44.6577846638
46,826,0.1286177241,0.4790669722,30.7439217700
37,658,0.3087647963,0.4824370182,23.0408962269
221,834,0.4152846544,0.4844138268,-29.9133316333
405,748,0.1729342581,0.5141283387,9.5536136556
177,606,0.4855588094,0.5263000050,-19.1708530844
476,677,0.3137190395,0.5339993289,-36.9151128462
189,648,0.4233915223,0.5369500980,-9.0605738567
484,943,0.1978965951,0.5444070525,-12.0514921565
123,676,0.2025703565,0.5513510813,14.0297313069
360,729,0.5312632763,0.5634872260,-29.5561758309
15,921,0.4525980108,0.5781388356,27.9457450817
51,757,0.4663928247,0.5913727452,1.9411971407
56,541,0.5697292785,0.6049940042,26.4450584929
17,731,0.3090987317,0.6083498252,29.0098833664
248,564,0.0511301740,0.6241052023,-27.7532667251
175,799,0.5885117078,0.6337909047,31.5356960654
344,754,0.1733960212,0.6422637242,-30.6752398257
215,544,0.2975569171,0.6459882348,-8.8626287193
215,636,0.6477809323,0.6489827226,2.7961498049
199,537,0.0512469005,0.6583960887,-19.3452976520
368,900,0.3603375416,0.6682298368,20.9516684932
298,844,0.3401398808,0.6833659547,18.2222020171
440,590,0.5021878502,0.6870824177,29.5980945444
100,640,0.6679032966,0.6891791890,-23.9393772851
309,892,0.6405786998,0.6949698289,3.6922683135
230,522,0.5132806850,0.6957316092,-30.6294028892
61,799,0.5144667559,0.7008664888,35.5742992628
266,702,0.5794848011,0.7173825185,9.3335404744
407,787,0.5632743696,0.7507945681,37.1552584470
250,555,0.6344851200,0.7532221709,22.9814874262
74,828,0.1448040538,0.7535967374,-35.3561953969
53,787,0.5993481362,0.7546077107,-3.8767964307
341,617,0.3505218054,0.7592294369,-51.3688197232
229,694,0.5047726388,0.7595216055,29.6782170207
17,857,0.4685040611,0.7703568450,47.2158424664
499,778,0.7188196150,0.7734710939,-29.6992198049
91,917,0.4860056015,0.7801102193,-1.6651714610
234,757,0.0030326606,0.7812862037,-6.7151989976
123,648,0.3578762872,0.7826205794,-1.0332182659
441,858,0.1343342301,0.7920479165,2.8957671394
326,920,0.5337390786,0.8270455168,-12.6685581952
474,589,0.6102576047,0.8305289793,-7.2509121768
167,949,0.6182004633,0.8331878200,14.0664484842
176,775,0.0189465093,0.8357061367,-17.5358782152
449,886,0.3781686735,0.8366096884,-7.1575195459
261,743,0.4775591228,0.8411401617,-9.7687730608
304,739,0.6965091422,0.8465696347,-0.0842902155
444,686,0.6310191147,0.8504831471,25.9436474991
82,940,0.1796882501,0.8528883064,38.2076499099
206,828,0.5056804978,0.8578946980,6.4139870614
175,794,0.7387114366,0.8586393878,18.3669880637
175,814,0.7336644382,0.8628605881,-18.3442537819
133,684,0.7203668402,0.8698653196,5.4189872402
57,801,0.3793158047,0.8730078812,-24.6135590206
419,826,0.6623227745,0.8769222598,-28.5410653368
472,963,0.3146800636,0.8786002121,-55.8977973939
241,952,0.4622334372,0.8794307019,20.1071605129
135,739,0.4408642196,0.8804512741,56.8170987232
145,640,0.0414690507,0.8952797064,-30.8116445919
391,713,0.8564829098,0.9062119607,-52.6941940632
460,802,0.8152316110,0.9118073438,36.2829425545
441,968,0.2320367144,0.9228435398,-11.1800079445
248,775,0.5156749760,0.9273017162,-22.1038064579
60,726,0.6947599683,0.9347551180,-17.1462589110
158,644,0.9050082598,0.9360087564,56.7976649955
178,877,0.3357511109,0.9401963019,-22.8966692089
41,666,0.0136234315,0.9429910058,-8.1487238419
404,970,0.5167541195,0.9444344209,44.2429344265
87,644,0.7502328577,0.9446872284,13.5572741136
203,521,0.5649792658,0.9503104115,3.0211593177
172,824,0.9298152210,0.9589107337,-16.4466573336
248,628,0.7032580839,0.9658524211,-8.6840540366
387,533,0.7469575734,0.9725976999,0.5182858625
54,949,0.0919394162,0.9765879179,8.9322527648
189,717,0.7349476270,0.9795217707,-40.5320249357
76,645,0.3996296061,0.9806118569,7.0426560755
47,985,0.1527023912,0.9927555363,0.2478625104
240,575,0.5644774466,1.0011742879,6.3689685372
242,835,0.7133728758,1.0031030833,-3.3280941064
41,690,0.8680762476,1.0056689292,-74.5304962781
446,695,0.5243046106,1.0077092629,-34.5913073855
265,749,1.0078246167,1.0087364942,27.2492198338
52,824,0.9718894906,1.0111155768,-56.4964127698
47,639,0.9460031130,1.0124348225,-16.3476667062
167,775,0.5032269944,1.0152581251,-9.2762343492
441,910,0.8626452305,1.0232440879,-0.1703411801
414,760,0.6621211807,1.0242947258,33.2438105162
227,560,0.3184053819,1.0261040088,12.5840970149
423,925,0.5068451415,1.0275492606,23.9046275115
240,969,0.0872301332,1.0420407392,22.8224315946
309,903,0.5207196487,1.0529020315,-6.8960090017
63,656,0.4116924380,1.0681664010,3.1542483168
308,802,0.8165463728,1.0726078244,17.4822449973
302,954,0.3471581218,1.0797735934,-12.2749479412
301,585,0.6566617268,1.0847354278,11.8430625392
109,906,0.6858019407,1.0868866575,2.8694874964
112,979,0.2211147576,1.0932191645,-16.8066565136
219,586,0.7531199852,1.1013118366,6.9600004216
335,795,1.0187049827,1.1061696378,-37.5077663447
370,747,0.5306767042,1.1186384131,37.3600388789
55,729,0.8992235350,1.1237876801,-11.0866466818
62,787,0.6969776645,1.1310566035,4.5455045062
37,667,0.8439037619,1.1326233618,-55.4591189598
302,545,0.1177425167,1.1372753505,-1.4737362665
290,940,0.1452026712,1.1432435252,-10.1494857493
227,933,0.6602131651,1.1433253614,28.5645798614
100,511,0.2829724067,1.1478272985,-6.6143303008
294,862,0.4334515576,1.1527389919,43.9418604546
60,530,1.1513500391,1.1532674257,2.0005726458
173,638,1.1055542736,1.1670427287,22.3990910297
205,774,0.8645761576,1.1673330086,-18.0472243781
133,861,0.6415262832,1.1719767278,-2.8399658719
363,549,1.0336203564,1.1899147331,-6.5356644755
451,856,0.9272793016,1.1961107044,-27.5698185758
326,610,0.9454810263,1.1987010034,-9.5509295064
475,696,0.4888356817,1.2026431033,26.9376125215
322,667,1.1496342722,1.2030318312,-64.7748517779
232,842,0.6678115181,1.2035730274,14.1703362205
153,585,1.2037626869,1.2099208480,-38.9198107758
173,993,1.0663755990,1.2119689550,-24.0914533088
318,956,0.3282561565,1.2120207166,-7.9980532468
121,819,0.8608683520,1.2178034502,-24.6838171107
444,920,0.5524632732,1.2255904868,17.8291175051
186,605,0.4670171684,1.2323380722,-1.9458867283
2,665,1.0994733291,1.2328129338,3.3091897253
209,800,1.1411818366,1.2383939812,23.4295532298
272,591,0.5607593827,1.2457431664,25.0169584373
272,778,0.4667640987,1.2457431664,-37.5036915686
229,589,0.5632618189,1.2474833682,18.0727646816
405,524,0.3391274651,1.2583664418,-8.8367160656
50,864,1.1331022250,1.2587922596,-10.0132432260
362,862,0.2827855275,1.2629799513,3.4579904129
491,756,1.0359620554,1.2643555164,-22.7541308849
79,662,1.1119604302,1.2711855006,36.8096821751
327,602,0.0016240878,1.2730389754,6.1946636903
136,793,0.8983390948,1.2735982336,-9.1983961716
76,597,0.1822906920,1.2827492411,12.0547812960
344,675,1.2469086829,1.2856483175,-2.5275964826
486,524,0.7889917311,1.2921340307,-19.4768632899
410,588,0.3653141720,1.2967652374,-20.3370940930
425,562,1.0554779323,1.3037376088,-3.6005630078
344,580,0.9320893801,1.3137555948,1.0798133954
344,686,1.0703182850,1.3142173763,-11.5883332754
273,674,0.2115977552,1.3166059298,60.1741352629
467,628,1.0130007287,1.3198906322,33.6632853356
425,869,0.7342499019,1.3240049681,-13.0018406210
366,593,1.0143673740,1.3332832662,-12.4977790286
192,741,1.3363180206,1.3372747014,-6.3768076419
416,844,0.8496071507,1.3421444126,-13.4323740054
431,695,0.6769235281,1.3453593930,-37.3428663607
7,943,1.2828378787,1.3467274632,-11.6051811436
144,631,1.0477029140,1.3480103545,1.3885629484
442,565,1.2912700378,1.3510076093,-0.9917060183
224,509,1.2426998628,1.3526481079,6.1155919758
388,690,0.7137765311,1.3552488894,-67.3265746806
82,610,1.3181372239,1.3612733455,46.9001942812
440,610,1.2787487258,1.3752714250,22.4009380252
203,562,0.3877430540,1.3760499195,8.8453853588
475,956,0.8312757865,1.3820601322,19.7302100180
250,575,1.1648294956,1.3846267906,19.9915448092
329,940,0.8358529911,1.3941380885,36.8216199376
460,737,0.0858233001,1.4063320298,6.4515346381
160,632,1.3309248007,1.4075315126,-8.4987171795
55,826,1.0603457559,1.4083113638,-1.6301161051
328,538,0.6907957618,1.4104360642,-3.2940529048
165,982,0.9204264267,1.4109786743,26.3913639859
477,851,0.3551717376,1.4128043821,17.0593653080
224,628,1.3303473331,1.4140658389,8.6102729252
174,619,0.3990947599,1.4178899396,17.6250525218
453,792,0.7967491593,1.4188384112,-6.9709661297
199,639,0.4610689084,1.4197631121,-0.4135061849
158,938,1.3863447338,1.4218407949,29.8579413047
484,614,0.4539710409,1.4283943268,27.7770123012
338,543,0.4328904174,1.4392182354,-6.3730416701
437,637,1.3158653492,1.4493406557,-33.1587025650
140,646,1.1418791336,1.4508359245,36.7126180557
123,883,1.3296370679,1.4540678626,9.5221839405
467,835,0.1180822115,1.4576916393,17.6314450687
84,637,1.2562425672,1.4688405382,-20.7330204826
25,877,0.1407883958,1.4756961953,-41.2246444873
120,682,0.5922458211,1.4786950705,32.5110651860
404,889,1.3178361378,1.4794910758,18.3588139437
23,841,0.9723579815,1.4826403060,-1.1574715660
206,542,0.9522000098,1.4844852073,30.1439981432
285,877,0.1220294966,1.4868835335,-4.4604015049
11,644,1.4769984343,1.4918011945,-6.9049841127
3,739,1.4760207911,1.4995772157,14.3028885469
50,880,0.4435085480,1.5004306609,-19.3550823113
117,769,1.0361007785,1.5017924507,51.8884735933
110,654,0.7315591385,1.5094466561,-46.6944243238
433,652,1.4707442670,1.5113524168,-55.3429834062
423,943,0.5352242923,1.5143725352,-13.7172838026
441,730,1.0103332220,1.5231645713,-0.4406701328
44,531,0.9663692938,1.5233054304,12.4997715410
245,774,1.1890290625,1.5275043144,-19.6517944048
103,658,1.4841045212,1.5309040647,10.8343087722
316,743,1.2257731878,1.5336303376,-9.0777873739
411,667,1.1574103483,1.5399375382,-60.0570139828
248,528,0.3390438703,1.5433559684,-9.0050715358
286,585,0.5190057445,1.5437809058,-31.5513580577
437,650,1.2794264810,1.5442332321,-0.9185801613
331,737,1.4644327886,1.5491293959,0.1899470678
300,881,0.9856074601,1.5540361198,22.3567323358
10,585,1.0510803173,1.5552021303,-8.4488487450
174,704,0.1855190012,1.5582716425,-40.5451121621
116,880,1.5518776915,1.5635163531,-19.8150172727
52,653,1.4223136414,1.5641202989,-24.4209160865
163,601,0.9211985791,1.5673150417,15.1079014373
200,639,1.0391459137,1.5696930854,-13.7687206873
267,539,0.9805638510,1.5752282198,-21.9595394873
337,828,1.1604401109,1.5775632545,2.5076092854
185,644,0.9729326700,1.5805054442,4.5824050244
54,620,1.1245167266,1.5859264000,-18.6365112172
247,607,1.2448157813,1.5865422116,-0.5875639353
140,833,1.1035124998,1.5882072824,-11.4277599784
368,509,1.3555088501,1.5941706322,7.0701095270
190,637,0.5078625726,1.6051584990,-28.8300779458
233,840,0.5771132706,1.6125918927,-5.0311873293
486,511,1.0288731778,1.6129134201,-15.5127741913
247,630,1.1646115197,1.6150898147,3.1835043329
362,753,0.9509984348,1.6203247466,-26.2605132534
245,846,1.3262523628,1.6287384819,0.8366659490
267,908,1.6055446082,1.6357450213,-19.4035806142
98,707,1.2756020786,1.6409413750,18.9500245244
397,835,0.1150404558,1.6419380393,1.8220120138
140,749,0.9718209799,1.6495320414,31.0926193828
169,590,1.2493223869,1.6513905888,9.5000055837
158,801,1.0401179821,1.6622031862,37.1712300048
15,968,0.5114262360,1.6810277427,15.2967329102
452,575,1.0720446266,1.6828153178,-4.8422256229
500,760,1.4439098115,1.6915286839,-4.5740667593
487,791,1.1733736204,1.6933831064,-22.7870831979
361,590,1.3157865389,1.6935485238,3.6814195305
377,973,1.1497048163,1.6963444630,6.8764754509
420,647,1.3983196818,1.7038847999,20.1142710052
44,896,1.4417459893,1.7063051565,17.8445350931
125,899,1.3865479185,1.7084027903,-5.6410067653
368,504,1.1084473653,1.7178683810,-57.5494302275
393,508,0.8960654887,1.7189993409,-20.0274635860
164,580,0.3470152807,1.7195116473,11.7627632409
3,889,1.1490110978,1.7246773496,-13.7490867952
98,628,1.3207967211,1.7284177033,14.5054001228
454,632,1.1667011988,1.7447071048,-20.0636471986
348,754,1.2613597280,1.7557394767,-28.3040830249
209,779,1.1873544477,1.7621440620,38.5400671513
209,920,1.6329229107,1.7622162225,30.5446230334
424,691,1.5462039167,1.7662748032,24.8763748796
428,543,0.4660910395,1.7696851213,-2.9729623699
123,521,1.7272837910,1.7796257185,-2.8264891252
62,972,0.6813686731,1.7814805845,-4.5834380051
151,979,1.6504478818,1.7823997210,16.0198899114
358,772,1.1096874786,1.7839425154,-37.1081206152
484,632,1.2659653700,1.7840949481,-1.2251489991
70,772,1.6980959810,1.7845525044,-57.6750828691
42,982,1.5025362322,1.7861989095,7.4067755481
260,909,1.5703545509,1.7897095033,-20.1844717153
132,573,0.1510495212,1.7900644340,-24.0505630370
141,523,1.7177656108,1.7940444389,1.1109275318
215,833,0.4169120261,1.8024115143,-35.9817507891
51,874,0.2209727994,1.8041550380,17.1429300707
154,577,0.8631979333,1.8052185936,13.3308598937
241,682,1.8129361196,1.8139109345,15.8081575680
297,808,0.5997972557,1.8154526127,7.9817241233
420,649,1.1721278408,1.8293403012,-9.4982870087
116,598,1.3832709829,1.8320265719,0.6392316257
382,774,0.9411188916,1.8336366330,-6.1278009154
449,542,0.5451196543,1.8339214014,-10.5942530765
154,789,0.9887917843,1.8390525653,8.8186203753
187,789,1.6950695940,1.8390525653,0.6622139300
406,985,0.5208631774,1.8404018696,1.7858265375
63,893,1.2632274997,1.8459718269,-3.9332631430
64,580,1.5007506478,1.8465280092,52.3762861080
43,633,1.6491737231,1.8510377098,2.8073353551
99,930,0.8828266534,1.8526454480,-27.4536867238
418,722,1.1935314159,1.8543711950,-6.3720737320
361,928,1.5834954466,1.8608338633,-6.7767652936
154,1000,0.4790739940,1.8667697489,45.5572984789
144,903,1.0533897171,1.8679159079,-32.8999261840
337,630,1.4322103554,1.8696261163,27.9593614118
110,796,1.5550153738,1.8726369537,-64.5556026320
226,999,1.3058158869,1.8747511190,-17.1635824021
38,718,1.5899607499,1.8780128800,-28.9472776666
200,503,1.6886853086,1.8787318424,-23.4549795853
378,906,1.7317353558,1.8821265640,36.9392103450
453,770,0.1421745366,1.8835632459,1.4677543343
279,504,1.4041154409,1.8867666576,-66.4421228321
202,760,1.8034179351,1.8886293978,50.8764951309
141,779,1.8436857959,1.8934131470,9.7476026768
391,970,0.8340419647,1.8952476205,-0.6075800750
339,819,0.1201882407,1.8964906653,31.2835666213
79,898,1.0490061647,1.9111700954,35.1227392591
407,593,0.7033704423,1.9127260761,28.0590452573
175,906,1.2158556396,1.9153934722,19.7965483667
113,817,1.7633791134,1.9175131632,17.3045548753
190,814,1.0464882649,1.9203251498,-38.5028673883
386,846,1.2647327506,1.9221330775,-0.9881756307
415,818,1.5418005778,1.9229169139,-50.1696527670
61,504,1.6964771051,1.9235276398,-42.5219181151
91,511,1.8679478285,1.9347207241,-10.3818864184
337,967,1.9354922641,1.9357923784,9.9582552462
452,984,1.1147159703,1.9423320307,11.5117939487
86,522,0.7153836651,1.9472474545,-0.8068156230
248,770,1.5218116916,1.9482401979,2.1000034777
292,677,1.9581850054,1.9603877488,-38.4689695152
255,508,1.9036502917,1.9616597199,-16.5964185513
89,996,1.6407323535,1.9632590777,-17.4420931237
164,866,0.7972302371,1.9636954571,12.5464239032
72,870,1.3802901269,1.9643164192,-43.4372834911
113,814,1.6221465873,1.9806223881,-22.1181457593
120,837,1.8235592968,1.9821047217,-5.3248624690
79,658,1.5549146421,1.9840727156,37.7611250149
15,827,1.6683926299,1.9921206333,-0.1811226332
187,750,0.6536614974,1.9932854802,46.5908278066
286,524,1.6863697032,1.9934522467,-12.5696813482
472,947,1.8978845179,1.9966216157,-53.9494680596
329,617,0.9150991703,2.0016134580,-0.5251580470
241,750,1.9338000737,2.0025730351,20.4070916237
360,589,1.4750170325,2.0085018188,-9.6108542045
75,537,1.5978190845,2.0154326152,5.9978147259
2,664,1.8479048645,2.0199406833,0.0192578458
414,819,1.5852199420,2.0227387917,13.2681405030
42,729,0.5733629343,2.0240732983,-15.3788926627
143,995,1.4854816791,2.0316422098,-21.3644696305
96,857,0.6062921345,2.0341001702,1.7569222069
249,794,1.1126054000,2.0348765227,-14.3821542925
60,781,1.8592275836,2.0353170660,-62.9005162575
16,589,0.7850694344,2.0465892249,11.2544469828
341,943,1.9554510889,2.0495144168,-25.7714944067
403,644,1.7600195021,2.0524181634,32.1946787107
279,879,1.1254983767,2.0537319504,-11.2238808525
95,571,0.8999777710,2.0573035056,0.9351531614
13,515,1.9757434094,2.0583851009,-33.3074926977
284,844,1.6520323390,2.0632237644,2.0330109537
97,759,0.4159023908,2.0709865095,-8.6426539795
352,566,1.5891854395,2.0726700284,-11.3437072981
322,888,1.7977770678,2.0776939354,10.8268374767
121,984,1.0496541081,2.0845706062,-10.0739088149
473,654,1.1819931028,2.0887823100,-44.8337845430
415,739,1.6437548883,2.1096265448,4.5678874266
79,831,1.1773516683,2.1104217377,-8.2031626316
162,590,1.6893222317,2.1156828094,36.5804241268
444,748,1.9677908718,2.1196018645,33.7104330988
355,830,1.6373952195,2.1276044005,28.8862876933
361,619,2.0282957921,2.1297290377,10.8656829983
110,930,1.3491967604,2.1313049255,-35.2193697824
193,654,2.0403201227,2.1324299825,-37.1612397225
232,545,1.9202413038,2.1340053644,16.1428299549
273,608,1.9050682896,2.1451352746,62.6398669390
71,1000,2.0093959370,2.1485932376,9.5240081850
97,725,1.1584737041,2.1511963814,-2.2149390203
313,978,2.0334287822,2.1536114463,24.3466942583
302,571,2.0546936798,2.1587822028,-7.6908243283
50,624,1.0700032152,2.1661107933,-0.6211653041
469,932,1.7518198077,2.1714636767,2.6856373085
285,704,1.6189988194,2.1720528958,-6.4246800621
396,532,1.5036526091,2.1738983413,-10.7306543884
346,865,1.5360085507,2.1762586130,-40.0731178325
9,701,1.5571122476,2.1766834255,1.4390427412
359,536,1.4212627682,2.1773972038,-17.4190357100
378,520,1.3810177997,2.1816981723,15.5011943534
225,786,2.0254745822,2.1818884994,-32.1796604582
38,554,1.9384162252,2.1825902981,-24.5767228118
79,606,2.1631858746,2.1837264289,6.0867481372
17,711,1.0108467266,2.1881910304,33.9750653003
191,947,2.0094049305,2.1909940226,-47.8098305534
490,984,2.1430874922,2.1973730088,-5.7645435928
339,968,1.9352814276,2.2002810791,41.0056835264
103,749,1.8196956022,2.2008272576,7.3531031652
187,814,0.6547878074,2.2018056893,-1.3520318344
99,862,1.3006231131,2.2043658960,3.3328765802
19,861,1.2820993777,2.2071525937,27.8666181400
487,884,1.7869429883,2.2072773428,7.0948404437
173,882,1.1396313763,2.2072898578,-0.8637530547
249,523,2.1883085256,2.2084874884,-23.4291075795
388,519,0.1345497082,2.2113817813,-3.6928195448
226,868,1.8053879933,2.2148011898,-0.0765981158
79,666,1.6288332353,2.2161183340,30.7892115301
94,585,2.0435740403,2.2182220772,-45.5139436153
377,959,1.4919667744,2.2208245248,-10.2225430079
86,821,1.7386322537,2.2263219672,44.4272735942
488,874,2.1663333032,2.2282153884,28.0384019824
449,747,0.2069105167,2.2307014836,-4.5539199442
70,811,0.8886682679,2.2323432856,-41.4940763403
439,543,1.8376726600,2.2394281331,47.5039047048
439,821,2.0614870394,2.2394281331,58.3211899612
335,900,2.0486914947,2.2399930594,6.1028297906
490,878,0.9636410475,2.2454441069,-11.0486483787
33,843,2.2133313127,2.2492420148,-24.4266300493
92,633,0.8193325112,2.2507963834,-8.3807483780
207,592,1.8025171980,2.2519431073,-33.5925444542
334,662,1.9599770510,2.2521547524,11.1220584053
78,898,0.9404836543,2.2701983730,10.7176765596
225,845,1.9940995295,2.2720111583,-46.3205021828
250,991,1.6505398508,2.2799244813,46.6110351226
239,690,1.3634893155,2.2809516599,-55.6890902118
166,788,2.1900473102,2.2823796321,-18.5976806585
42,524,1.4746208349,2.2826786084,-0.7764870039
179,614,1.9172615600,2.2879729305,6.0410475566
353,791,0.9645978583,2.2884234863,-34.2096445121
273,823,0.3555897268,2.2939162531,27.1269363722
200,588,1.4847815273,2.3002955656,-42.6824630304
487,913,2.0331880591,2.3108852577,15.4922041183
199,994,0.9582766528,2.3115540216,0.1445510729
466,858,1.7609092627,2.3118959202,64.2510795999
119,791,2.0675759546,2.3179712408,-8.3067155558
283,858,1.4400836479,2.3223184862,40.2445534493
199,984,1.3906941520,2.3233564275,9.4508647157
255,995,1.8652854303,2.3242614691,-16.9106688141
399,778,1.9101873994,2.3361568556,-16.3658506547
221,820,2.2642650779,2.3389501107,-5.9647330460
89,855,0.0542354472,2.3398347755,-21.6778014596
17,543,0.8689225677,2.3430654574,39.6333398934
344,781,2.2424843150,2.3475686565,-66.0053503830
237,713,2.1090156853,2.3490704648,-15.0252094303
490,565,2.0596759677,2.3579753257,-10.6277640906
488,766,2.1855623373,2.3599103059,20.8965650085
19,803,0.1674325473,2.3652539731,11.1511637909
151,695,2.0323624157,2.3783990623,0.0123050535
210,743,0.5057840544,2.3815980347,36.9493331925
335,606,2.0263415868,2.3815986783,-29.1121757847
368,931,2.0825393877,2.3863105310,-0.1984350514
292,674,2.1561062778,2.3877488892,-2.7685667034
162,837,0.0313400889,2.3881008155,3.4681172633
382,931,2.1641614195,2.3911228762,19.5109161177
183,668,1.5747612168,2.3916438939,13.1215266751
308,583,1.5602201586,2.4038564600,-5.4770555750
201,711,0.8149440502,2.4055743184,9.4767704981
201,816,1.0740205830,2.4081109578,-25.6132335340
186,551,1.7629048325,2.4097830312,-32.7324955152
407,803,0.9981039816,2.4317151032,19.0622371843
239,750,0.9002677078,2.4393071822,18.8632528579
424,759,1.5151328609,2.4400695229,26.4310651126
320,644,2.3256950295,2.4413937455,1.5518695146
291,538,1.4609919111,2.4442706565,-6.2678468321
8,575,2.0465310746,2.4465831719,1.0949406404
267,840,1.8644646359,2.4488708079,-7.6730799468
286,696,2.2748319495,2.4512524522,7.2454506796
38,794,0.7687276501,2.4618993705,-14.3993501882
486,860,1.5720695886,2.4639754258,-27.4016958118
47,903,1.9184449726,2.4699935252,-31.2352498316
71,701,1.5948058419,2.4769579062,-4.7156651068
25,811,1.7833042256,2.4788389329,-28.6485185526
437,675,0.8802494138,2.4828557323,2.6492943650
234,549,1.4885471414,2.4845292320,-6.0738736446
92,605,1.2469543140,2.4889649990,-2.5880719816
75,781,1.9156087916,2.4995544756,-24.4771153233
34,624,2.2479280047,2.5036010708,1.5280959501
286,928,1.7078435102,2.5176595849,-10.2040668369
498,860,1.9130334900,2.5193400809,23.2094848962
100,603,1.6832972965,2.5194624392,-49.2661359822
138,617,0.6911805128,2.5250118568,-47.0003937034
398,824,2.1677314853,2.5303165773,-37.2202238973
200,576,2.4063689911,2.5357776548,-58.8670759799
444,586,2.4383951648,2.5396419637,-2.0122340397
486,931,2.5283280024,2.5403090753,-16.1386411028
200,742,1.9113771382,2.5445557683,3.3403216843
65,707,1.7576285569,2.5464297350,22.2779447412
316,630,0.5205489118,2.5465722511,-9.4179411409
342,559,2.4463904126,2.5481351050,-0.3529508642
343,809,2.5280319358,2.5481737666,-12.4643464773
353,830,2.0491758103,2.5482765262,2.1097631275
302,746,1.2939719494,2.5554636199,-30.1605206491
87,883,0.8202424790,2.5581138816,12.8932255335
212,931,1.2919804540,2.5608046182,4.6284130885
142,603,1.9372113313,2.5680300531,-44.5895101168
261,983,2.4400981398,2.5715550920,-20.7209369936
209,640,2.3323764135,2.5728995045,14.6746510204
164,624,2.0153840575,2.5761670365,8.7740111568
110,915,2.5358499596,2.5928830632,-44.8221532377
11,703,2.0070590048,2.5969356103,-59.6815376639
263,824,1.9590645763,2.5991168117,-49.3057431854
357,743,2.5681117931,2.5992235658,17.1104057563
183,630,1.3046168585,2.6006471809,1.3754008221
84,833,0.6066423223,2.6026170646,-29.6631924008
365,984,1.0799255914,2.6043864186,23.8800823426
187,569,1.7973109998,2.6115990750,34.9784685566
292,602,2.3405083891,2.6177398162,-29.8648442118
265,826,1.1145888318,2.6240430096,4.6368533245
69,738,2.3061307282,2.6249606928,23.3429103455
250,530,2.5808244666,2.6272599624,41.9755608672
226,850,0.9712674055,2.6371721765,-0.4978793882
368,545,2.5949972818,2.6388259755,16.4397974737
377,833,0.4150162204,2.6430991316,-42.3178018294
476,807,1.3351588219,2.6451396711,4.4973202173
136,992,1.6709333438,2.6473839578,-24.1659993154
158,700,2.4805849746,2.6554711575,32.2810103894
283,982,2.5464035792,2.6596992111,23.7622128773
415,977,2.0994442826,2.6644292359,-2.3483722618
224,581,2.3935605101,2.6701513203,21.7465116729
399,901,2.1139358141,2.6713246554,33.7468458740
353,875,0.7933139893,2.6735532036,-17.4148018058
416,762,2.6235458661,2.6751024925,-44.0934063121
51,820,2.2759843234,2.6786531881,10.5622167453
313,841,2.4820922689,2.6790561786,16.0278469362
499,917,0.0979529945,2.6823651404,22.5916053162
261,711,2.6470491606,2.6832724477,-16.0487678566
488,761,2.6748754044,2.6837034470,18.9136742361
399,767,2.3418578737,2.6928838967,19.6069301269
21,987,2.1626656625,2.6963048814,-13.5548758934
151,685,1.1873247702,2.7042092089,9.7035049470
242,934,2.6895247236,2.7057722288,19.3792342436
4,898,0.1371716998,2.7070766971,24.4633406864
129,604,2.5098448147,2.7101557463,0.4683619858
429,545,2.4073790541,2.7155192404,11.3055419817
161,791,2.6151427671,2.7157536846,-31.1518971028
465,913,2.1999691120,2.7164219400,26.8328070523
179,995,2.4766815602,2.7172656262,-29.0222336579
227,827,1.8800293538,2.7258740208,13.6863862423
341,811,2.5602293331,2.7270453546,-34.5778375722
177,790,1.1205118989,2.7292459372,-7.2810956485
338,842,1.2113758778,2.7402739004,-1.8853320901
201,826,1.7173382194,2.7404952421,-3.5270813888
130,844,2.5768525984,2.7454901909,12.1852736881
206,634,2.5682989831,2.7469539469,39.8394026739
40,505,2.6076041613,2.7609964806,-16.4835127131
62,634,2.1687056641,2.7630495215,9.4117602120
120,974,1.6014523387,2.7633973634,6.3240143780
165,502,1.8347262494,2.7675900831,39.2779288163
164,786,2.7622673900,2.7728135685,-25.6202700758
200,522,2.2373164537,2.7781475756,-40.2825217803
261,844,2.4194663093,2.7813696297,-15.0276459762
256,784,1.5480323824,2.7845344523,-26.7526175822
390,569,1.5208174494,2.7868957156,-0.3579660088
482,559,1.2854098068,2.7878084125,-0.0590069008
366,756,1.4366837450,2.7899758650,-18.0255810189
57,826,2.3357908895,2.7925148325,-29.3282550854
212,837,2.1092756017,2.7967580779,-18.9983166267
327,951,2.7710547648,2.7985333808,33.3363225112
191,990,2.3468618549,2.8011070858,-14.9411756772
399,703,2.3887655795,2.8034263700,-10.3371271675
386,656,2.0282535738,2.8041878254,23.0470302773
125,520,1.1284630873,2.8057616622,-26.2376498798
268,692,1.6175451407,2.8092892800,-17.4301237125
476,814,1.0407671902,2.8108658673,-46.2146275213
370,554,2.4544779434,2.8170777881,19.9809927212
411,820,2.4735483885,2.8175626097,15.3283996822
391,904,2.3377556436,2.8252731522,1.8983467691
174,946,2.3552656903,2.8304655639,4.4811199336
459,675,0.1634809672,2.8332775604,-0.1320345488
388,881,0.5991090208,2.8336299049,-19.2589354583
175,823,0.8200346943,2.8344603555,-6.3915351857
309,603,2.5613450391,2.8396255336,-36.3093909892
103,694,2.3506610167,2.8431985687,6.8349800447
337,696,1.7245996981,2.8443564226,33.9766756060
333,825,2.5187272812,2.8446966211,-33.3120937203
70,842,2.8110656398,2.8486807522,0.1315820263
8,774,2.7793751235,2.8494757270,-20.3291540645
382,578,2.7523695169,2.8516458226,21.2605757455
407,578,1.7822082032,2.8516458226,25.3379146481
420,879,2.4124593727,2.8564583648,8.9394890797
352,638,2.2291439898,2.8571092129,2.4437814004
142,712,2.7726898247,2.8658227226,21.4712970125
44,749,1.5864061838,2.8687372979,31.4621524702
334,731,1.7853619715,2.8700189228,-5.9814009182
316,760,0.1020083094,2.8708609292,-2.3723778266
309,510,2.7604525570,2.8746755087,-10.1020569977
414,927,2.3754943231,2.8752557464,-22.8539481324
94,928,2.7869154680,2.8754797105,-24.1666523944
159,892,0.3866954164,2.8811674685,-23.5704301520
187,985,2.7162892033,2.8814211873,46.6532513705
415,535,2.8661240168,2.8826346812,-2.8201767129
46,609,2.8422540241,2.8851459321,48.8720254346
7,739,2.7662431120,2.8853797334,26.6970549354
386,795,2.5088454329,2.8878402463,-18.2984115421
159,921,2.3583062879,2.8995341491,-1.6455326605
53,698,2.3726123365,2.9151166708,6.2312608430
392,841,1.5462305525,2.9233374923,-7.0109150389
406,778,2.8345575845,2.9238977659,-60.0329722741
243,896,2.1614685946,2.9332279122,19.3479529085
38,1000,0.7289447579,2.9345929045,-12.3576681657
21,520,2.4053686730,2.9364174931,-31.5118724426
156,974,2.7570905145,2.9376860532,-13.1890712301
33,984,2.8809393929,2.9400076786,-0.4428305691
236,842,2.8057284757,2.9420212578,15.0723201051
75,881,2.3852533873,2.9426413131,14.9780079982
414,533,2.7762657153,2.9435511098,13.7949246981
95,940,2.4803583143,2.9437082272,-15.8901150442
474,638,2.6373749313,2.9442183412,9.9356405703
232,581,2.6179754664,2.9445696545,22.4040617053
482,630,2.7043310326,2.9487522075,-5.5194878179
335,544,2.6118328706,2.9499752412,-16.3202618053
225,903,2.2034122044,2.9519204300,-27.3626525290
27,554,2.8430737289,2.9654080101,-2.0722499688
52,836,2.4815499771,2.9697092572,2.7048420658
59,948,1.5192563867,2.9737357399,-8.1228249621
375,566,2.9426106921,2.9747459466,7.3369696189
360,619,1.9774548139,2.9768825046,5.0542926311
387,858,2.0109535073,2.9813824789,23.7893936565
382,911,2.8029733221,2.9951330878,17.1376920115
243,843,2.7008953357,2.9970750614,6.9928988088
193,847,2.8482144876,2.9998036260,-8.5525476714
2,544,2.3147580933,       inf,-14.1253779126
2,921,2.3375117960,       inf,7.0482281629
3,794,2.5288647361,       inf,1.7307430785
4,641,1.7704025476,       inf,-6.6909395206
5,702,2.1163692821,       inf,-0.4778574948
9,795,0.1783116891,       inf,-16.3999727803
10,688,2.1517738380,       inf,-17.3460775347
10,921,1.6759923922,       inf,33.7716681759
11,884,2.2547747756,       inf,-8.3339081915
15,663,2.4661761685,       inf,18.3499262100
15,857,1.9713204550,       inf,25.8056588411
15,910,2.9403380669,       inf,26.3063996746
16,648,2.8907444562,       inf,13.8873362022
16,819,2.4709698031,       inf,6.7792421500
19,665,2.6692491975,       inf,31.8387612135
19,801,2.5200786745,       inf,11.9077804224
25,688,2.9480743695,       inf,-32.9057266630
27,548,1.0593170511,       inf,8.9764099238
31,777,2.3363549243,       inf,-29.4222524773
34,663,2.9034160537,       inf,-5.1318214183
41,535,2.5981929538,       inf,-6.0256896750
41,794,2.6403795507,       inf,-11.2097710039
44,767,0.5662005934,       inf,10.3584207597
50,956,2.2535248378,       inf,-8.3163744879
51,807,2.4833926094,       inf,17.6445635131
55,621,2.9792714582,       inf,3.1661350146
57,596,2.2106937679,       inf,-39.7163787602
60,882,2.7208577541,       inf,-19.8404186411
61,538,2.5289156872,       inf,28.7046122654
62,686,2.9378473634,       inf,-1.7361769864
64,579,2.8556901850,       inf,54.3719333038
65,844,1.3406828053,       inf,13.6109713098
65,846,1.8344164639,       inf,2.9198381326
68,922,2.1276770263,       inf,1.3295122079
68,928,2.8530848901,       inf,-11.1960194516
69,749,2.5068459346,       inf,14.0095136747
69,806,1.6876209763,       inf,22.3311221720
70,977,2.5573594645,       inf,-1.3017567842
71,842,1.8632217150,       inf,14.5715507531
72,922,1.4935122072,       inf,-6.7520489189
74,754,1.3719661916,       inf,-32.1656235330
74,788,2.2018095140,       inf,-27.8617750104
77,938,1.4623896059,       inf,-26.5429619772
78,875,2.7303155670,       inf,-2.9123837594
79,803,2.7626125736,       inf,15.6256323319
79,827,2.4567342550,       inf,11.9254004773
82,663,2.8771598395,       inf,54.9165728048
87,620,1.9879523547,       inf,-10.1823677149
89,580,2.3919080123,       inf,12.4067157722
90,566,0.8040344990,       inf,39.8347734802
90,617,2.8660514024,       inf,-9.3198860757
90,650,2.5593246514,       inf,47.2091998519
91,650,2.3740145980,       inf,1.7704308708
91,936,0.8521603647,       inf,-29.8671851958
94,505,2.8760261695,       inf,-15.7799058901
95,724,2.3056171707,       inf,12.1543387931
96,933,2.6258918073,       inf,-9.3516656485
97,650,2.7485575481,       inf,-7.5097203866
97,911,1.5819956885,       inf,-22.6611286935
99,857,2.4455459024,       inf,5.1725046252
99,903,1.3861523266,       inf,-25.2005839409
103,806,2.7491838093,       inf,15.6747116625
105,723,1.3520015006,       inf,6.5542250627
109,511,2.1200220486,       inf,-5.5107200953
111,728,2.0115321617,       inf,23.6858551262
116,562,2.0880996764,       inf,-9.3772786049
116,799,2.1972433436,       inf,2.6994054152
117,746,0.0004000699,       inf,17.5718645591
117,838,1.4147741369,       inf,52.3255787520
119,990,1.8931595726,       inf,4.8142521028
120,672,2.1200386334,       inf,40.8815712388
121,729,2.4822975769,       inf,-40.1539339043
498,769,2.7961082235,       inf,56.7405967820
124,585,2.5967354898,       inf,-40.6692091466
124,604,2.6956295149,       inf,0.1812046969
128,729,2.8450224551,       inf,1.8143547353
130,886,2.5992728384,       inf,18.8189853227
133,998,2.4270686380,       inf,-36.4384765259
136,519,2.3038665607,       inf,-14.0180276532
136,562,1.1655437793,       inf,-13.2390335332
140,637,2.1566535775,       inf,-2.4975880602
142,653,2.5623880762,       inf,-12.0040919652
144,769,2.3839208495,       inf,1.9806877751
144,790,2.8978215645,       inf,-22.4625139964
154,720,2.3922548196,       inf,49.4572196864
156,869,2.2592392494,       inf,-1.9439577935
158,595,0.5577500861,       inf,27.9500083525
163,921,2.0962637724,       inf,13.4342285085
165,600,1.7686486881,       inf,4.9244046468
169,610,2.5622746196,       inf,2.3028490645
169,905,2.4670632942,       inf,-28.4465131196
169,992,2.9828510369,       inf,-2.2439991652
172,717,2.9672594692,       inf,-1.7645081112
172,874,0.8748724986,       inf,46.1449466187
174,973,1.7938168271,       inf,21.7573790649
175,932,2.5157117121,       inf,31.7839117828
176,787,2.6364522953,       inf,-0.3123478948
177,827,1.9000471902,       inf,-13.3322007443
179,508,2.7712282608,       inf,-28.7079833952
179,658,2.9994643890,       inf,1.9755943562
180,784,2.7109353541,       inf,-35.0514018022
185,937,2.8433880219,       inf,-2.5857317916
187,877,2.3308126540,       inf,-11.7533496996
189,553,2.9640864242,       inf,-44.6544105613
189,583,2.4029260254,       inf,-16.2067608946
189,643,2.7037277544,       inf,-8.6057661257
190,533,1.4378761492,       inf,-11.3118666002
190,998,2.0757738605,       inf,-30.7772138837
193,649,2.8585235293,       inf,-31.3910549006
193,916,2.5454690525,       inf,-24.2899496937
195,643,2.8004129966,       inf,14.7082361733
195,692,1.7967642404,       inf,6.0114736825
200,752,2.0600014628,       inf,1.2960849111
200,934,1.8243644665,       inf,0.3949665808
201,562,2.7726332948,       inf,13.6255540621
203,898,2.4726834921,       inf,15.1479362683
206,556,2.4887869785,       inf,36.8525698145
207,645,2.3517662527,       inf,-11.7483903652
207,795,2.1693540593,       inf,-32.1498857829
207,947,1.7338941675,       inf,-44.8908943440
209,574,2.2056077756,       inf,45.2058856852
209,628,1.8180551389,       inf,41.1370566210
210,607,1.4190870616,       inf,32.8381111573
219,540,1.3914776307,       inf,-11.2824422365
220,603,2.4003892483,       inf,-30.5072050635
220,833,1.5895387145,       inf,-16.8733764147
227,590,0.4571410181,       inf,31.3982130813
228,827,1.2099870909,       inf,16.7448871786
228,960,1.4374258799,       inf,40.4666192962
230,1000,1.6924687973,       inf,3.2275680834
231,689,2.5400890578,       inf,-57.1903699002
232,715,2.9647749793,       inf,-35.3532455948
495,506,2.8099033168,       inf,4.0616729054
495,800,2.8029756539,       inf,-13.8388960024
242,862,2.2573564572,       inf,18.8614243714
243,635,2.6152810287,       inf,10.2238717314
244,551,2.7900151887,       inf,-30.7078964429
244,596,1.9302883439,       inf,-33.6575700201
248,927,2.7128305260,       inf,-57.0398792522
260,994,1.5587202662,       inf,-13.7607834765
261,731,2.9909088240,       inf,-21.0139497905
262,522,0.5064262744,       inf,-29.8493585562
262,704,2.6231940078,       inf,-47.1109078740
262,831,2.9450584818,       inf,-33.9653966057
266,521,2.9188874223,       inf,-3.0045519680
267,504,2.9449343311,       inf,-79.4857779521
270,630,1.4262325904,       inf,44.5716898866
270,649,1.0025313805,       inf,13.5415649552
282,832,1.0185626684,       inf,-46.7737179523
283,676,2.0638081634,       inf,38.6177050852
283,717,2.9056345315,       inf,-7.9166955666
283,808,2.1348401056,       inf,36.8814019355
284,555,2.5591993309,       inf,-4.7325452553
284,837,2.1404196643,       inf,-27.1345952594
491,788,2.5743546004,       inf,-29.1948552250
286,759,2.8237318259,       inf,2.4137914467
288,734,0.4196782024,       inf,11.7111460923
294,678,2.3847984680,       inf,30.3136317690
294,761,2.5257099118,       inf,39.9718156203
297,598,1.2501764975,       inf,8.7025431127
301,911,2.5499479548,       inf,31.7897373297
304,510,2.7501338801,       inf,-36.0515546626
305,531,2.9967422611,       inf,-28.3304124125
305,791,2.7296973000,       inf,-38.9501146574
313,911,1.9938643312,       inf,2.1257777838
317,792,2.6813074238,       inf,8.6574332732
322,760,1.8900206021,       inf,13.6208475226
323,602,2.8371333671,       inf,-11.8072820648
325,900,2.9474207222,       inf,49.1238850298
326,923,2.3146147355,       inf,7.3418677834
326,925,2.4666617785,       inf,7.6289847681
329,794,2.9704004092,       inf,50.8022578801
333,737,2.3859582168,       inf,-19.7686455506
333,742,2.8867619154,       inf,8.9961345461
341,583,2.9309499716,       inf,-10.1265220344
342,672,1.8716858247,       inf,6.3066765647
343,818,0.5476452062,       inf,-53.3257928066
346,977,2.6363552428,       inf,7.1796779673
347,509,2.1729264946,       inf,22.3837439865
347,967,2.2215382115,       inf,7.5736888890
351,978,1.0851444475,       inf,22.1317985041
353,591,0.9673218879,       inf,0.8165761757
355,985,2.6163644504,       inf,26.8912495473
358,662,2.1136808690,       inf,22.6908374967
358,803,2.6106770983,       inf,1.5067876535
358,930,1.7327401071,       inf,-8.8328540759
358,937,2.9919961146,       inf,14.7217024597
360,508,1.7791353571,       inf,-24.6896508893
360,804,2.4268085389,       inf,-20.0578849875
362,533,2.6109421766,       inf,-14.4066401831
362,556,2.4534151381,       inf,2.9835129474
365,809,1.8417682428,       inf,18.0132509034
367,893,0.7387589157,       inf,12.2796444351
368,506,2.5488381033,       inf,9.7578559930
368,532,2.1218331502,       inf,0.2565633249
368,694,2.5476825978,       inf,13.4117110681
373,645,2.8786540383,       inf,-20.9136690021
374,564,1.3264060780,       inf,-29.4733356106
374,845,1.6078693267,       inf,-51.7377548861
375,588,1.0322742405,       inf,-24.7055042103
375,695,0.9698714383,       inf,-16.8743163904
376,667,2.3766188921,       inf,-65.3677279250
379,748,2.5650275662,       inf,-4.5964802592
382,769,2.5642350918,       inf,41.7789732944
386,763,2.9383375482,       inf,26.6044946839
387,845,2.5516958415,       inf,-29.1083937165
387,949,2.9176652399,       inf,22.1481686597
392,668,2.5616105792,       inf,3.6659614144
393,501,2.5942925504,       inf,13.6928116477
393,508,2.9246432922,       inf,-20.0274635860
393,517,2.9460339117,       inf,-2.8883438033
396,511,2.7451948522,       inf,-10.5597858532
398,607,1.5345563013,       inf,10.9843207826
399,621,2.2221923987,       inf,22.8945464479
399,665,2.0783766500,       inf,42.7439721841
403,927,2.6380537714,       inf,-22.2549547633
405,690,2.4376343353,       inf,-61.2427049525
405,875,2.1486685285,       inf,-4.1574651062
407,761,2.2132385850,       inf,35.5391139247
407,864,2.9921593038,       inf,31.1608936194
408,775,2.8405396766,       inf,-18.8557146383
408,967,2.0692840951,       inf,-22.7406982640
410,608,1.6236142352,       inf,24.6325434247
411,502,2.9304439309,       inf,18.5651315520
412,520,2.7080045507,       inf,-21.1769699650
412,604,2.1234822294,       inf,9.7854864703
412,746,2.9874901425,       inf,-20.7935803340
412,788,2.1617833671,       inf,-16.2427645699
414,635,0.3840096794,       inf,7.1252222412
415,650,1.9287360233,       inf,-2.8025880413
419,642,2.0470785592,       inf,-13.3978384534
424,804,2.9573547779,       inf,6.3434775023
427,597,0.7497309385,       inf,-0.3317759705
427,938,2.0592010586,       inf,-14.3675939226
428,999,2.5706579858,       inf,-11.6138836021
433,597,2.9721921214,       inf,-12.2987076807
435,908,2.7082026074,       inf,-13.9400302520
437,809,0.0820849358,       inf,-7.4241985578
440,847,2.1252969431,       inf,22.3804953405
442,554,2.4859142796,       inf,-10.8687411875
442,588,1.7161346105,       inf,-34.9065987642
442,681,2.8348407078,       inf,-39.5738409806
445,531,1.9837434063,       inf,17.3279024603
446,664,2.6502409621,       inf,-2.9121314981
447,566,1.6424895232,       inf,20.7498645435
447,897,2.8082431483,       inf,18.0882445698
447,977,2.2110597016,       inf,28.5785066947
449,606,2.9218030532,       inf,-33.3970097092
451,549,1.2489753983,       inf,1.1704362910
451,916,2.4611841064,       inf,-18.8141668607
459,645,2.7377326814,       inf,-18.5370904487
464,921,2.1770231763,       inf,-2.2204207924
466,684,2.4536054579,       inf,63.3720882884
466,734,1.7935601588,       inf,63.6823636967
466,752,2.4366471863,       inf,60.2635306044
500,905,2.5513405505,       inf,-50.5401672751
469,893,2.8849795523,       inf,-6.5103628417
471,509,2.4583536173,       inf,-14.4386181847
472,925,1.6265597998,       inf,0.7203679957
473,738,2.1648154885,       inf,4.9685954746
473,949,2.7204217840,       inf,1.1930855037
474,708,0.9792737154,       inf,-12.6574523680
476,503,0.8745951373,       inf,-24.4911324310
476,549,2.9038084158,       inf,-10.5647208021
476,858,3.0003737686,       inf,4.2474810608
479,823,2.0806079116,       inf,-33.3146655952
486,643,1.4543323658,       inf,-11.0462503719
486,678,2.5305838349,       inf,-13.8459660496
486,884,2.8311325583,       inf,-1.7105313953
487,566,2.4847991833,       inf,-1.9295114348
488,932,2.0315357135,       inf,27.9562532508
488,946,2.5771183985,       inf,10.4887233596
488,974,2.7879547760,       inf,-5.0150375366
